1,Python,2016-07-16T09:44:01Z,2020-10-03T00:43:32Z,86339,25376,TheAlgorithms,Python,0
2,Python,2011-11-30T09:04:08Z,2020-10-02T23:46:16Z,18806,8910,geekcomputers,Python,0
3,Python,2016-06-23T15:15:23Z,2020-10-02T22:06:26Z,5837,3130,injetlee,Python,0
4,Python,2017-06-07T11:52:22Z,2020-10-02T06:52:54Z,7404,2401,TwoWater,,0
5,python,2014-11-28T01:39:43Z,2020-10-02T19:27:02Z,2967,2489,Show-Me-the-Code,HTML,0
6,python,2016-10-31T20:08:03Z,2020-10-02T11:10:38Z,3082,1825,kubernetes-client,Python,47
7,python,2012-09-06T07:00:59Z,2020-10-02T13:41:00Z,2109,1166,xxg1413,,0
8,PythonDataScienceHandbook,2016-08-10T14:24:36Z,2020-10-02T18:24:10Z,25735,11394,jakevdp,Jupyter Notebook,0
9,python,2014-06-20T22:55:57Z,2020-10-02T19:09:09Z,1466,634,docker-library,Dockerfile,0
10,awesome-python,2014-06-27T21:00:06Z,2020-10-02T22:44:21Z,87282,17164,vinta,Python,0
11,Python-100-Days,2018-03-01T16:05:52Z,2020-10-03T00:12:52Z,93339,37526,jackfrued,Jupyter Notebook,0
12,PythonRobotics,2016-03-21T09:34:43Z,2020-10-02T22:56:15Z,10257,3332,AtsushiSakai,Jupyter Notebook,0
13,Complete-Python-3-Bootcamp,2018-02-12T19:30:10Z,2020-10-02T20:43:12Z,12289,45068,Pierian-Data,Jupyter Notebook,0
14,learn-python3,2015-05-15T05:29:05Z,2020-10-02T16:40:35Z,4782,4400,michaelliao,,0
15,python3-cookbook,2014-08-19T03:13:07Z,2020-10-02T14:33:53Z,8442,2463,yidao620c,Jupyter Notebook,5
16,PythonSpiderNotes,2015-08-19T03:48:30Z,2020-10-02T15:52:44Z,5035,1981,lining0806,Python,0
17,python-patterns,2012-06-06T21:02:35Z,2020-10-02T20:22:27Z,25973,5451,faif,Python,0
18,python-guide,2011-03-15T03:24:20Z,2020-10-02T18:58:21Z,21670,5458,realpython,Batchfile,0
19,awesome-python3-webapp,2015-05-20T22:09:21Z,2020-10-01T10:26:16Z,1932,2742,michaelliao,,0
20,interview_python,2015-04-05T02:59:59Z,2020-10-02T08:29:27Z,13119,5106,taizilongxu,Shell,0
21,learn_python3_spider,2019-04-02T20:19:54Z,2020-10-02T08:34:10Z,4776,1422,wistbean,Python,0
22,python-spider,2017-05-05T07:28:13Z,2020-10-02T09:20:17Z,11375,4537,Jack-Cherish,Python,0
23,awesome-python-cn,2015-11-03T09:50:50Z,2020-10-02T13:54:26Z,20011,6534,jobbole,Makefile,0
24,python-cheatsheet,2018-01-25T04:16:53Z,2020-10-02T17:15:04Z,15520,3028,gto76,Python,0
25,pythonVSCode,2016-01-19T10:50:01Z,2020-10-01T22:02:33Z,1963,895,DonJayamanne,TypeScript,51
26,cpython,2017-02-10T19:23:51Z,2020-10-02T23:57:44Z,33784,16263,python,Python,0
27,Python-programming-exercises,2012-06-14T07:56:46Z,2020-10-02T23:59:07Z,11714,5186,zhiwehu,,0
28,PythonBooks,2012-08-26T00:18:06Z,2020-10-02T08:40:46Z,1632,792,revolunet,CSS,0
29,LearnPython,2016-10-13T02:30:15Z,2020-10-01T04:48:39Z,5254,3210,xianhu,Jupyter Notebook,0
30,python3-in-one-pic,2015-06-28T12:19:54Z,2020-10-02T17:08:10Z,4213,894,coodict,Jupyter Notebook,0
31,notes-python,2015-10-08T09:30:56Z,2020-10-02T04:00:34Z,5721,2781,lijin-THU,Jupyter Notebook,0
32,python-machine-learning-book,2015-08-07T20:39:29Z,2020-10-02T15:13:01Z,10904,4226,rasbt,Jupyter Notebook,3
33,practical-python,2020-05-24T19:50:08Z,2020-10-02T21:32:08Z,5434,2693,dabeaz-course,Python,0
34,aima-python,2016-02-02T00:11:19Z,2020-10-02T19:32:20Z,5016,2395,aimacode,Jupyter Notebook,0
35,python_koans,2010-03-01T17:04:31Z,2020-10-02T04:27:11Z,4171,2480,gregmalcolm,Python,0
36,learn-python3,2018-05-01T11:46:24Z,2020-10-02T10:23:32Z,2540,643,jerry-git,Python,0
37,deep-learning-with-python-notebooks,2017-09-05T19:47:56Z,2020-10-02T11:34:18Z,11236,5669,fchollet,Jupyter Notebook,0
38,python-docs-samples,2015-05-04T23:26:13Z,2020-10-02T22:21:13Z,4500,4594,GoogleCloudPlatform,Python,0
39,awesome-python-login-model,2019-01-20T10:43:13Z,2020-10-02T08:42:48Z,12341,2681,Kr1s77,Python,0
40,python-fire,2017-02-21T21:35:07Z,2020-10-02T22:41:02Z,17768,1095,google,Python,7
41,python-telegram-bot,2015-07-07T15:30:39Z,2020-10-02T21:49:55Z,11859,2518,python-telegram-bot,Python,74
42,awesome-python-applications,2018-11-14T07:36:44Z,2020-10-02T19:37:28Z,11904,2132,mahmoud,Jupyter Notebook,0
43,python-scraping,2015-06-14T15:32:58Z,2020-10-02T10:44:02Z,3022,1886,REMitchell,Jupyter Notebook,0
44,Python3-Spider,2019-03-27T02:52:43Z,2020-10-02T13:13:35Z,1367,527,wkunzhi,Python,0
45,ISLR-python,2015-06-14T16:14:00Z,2020-10-02T18:45:06Z,2531,1747,JWarmenhoven,Jupyter Notebook,0
46,Machine-Learning-with-Python,2017-05-26T08:55:48Z,2020-10-02T20:34:24Z,2601,3295,susanli2016,Jupyter Notebook,0
47,python-cookbook,2013-04-08T11:01:19Z,2020-10-02T06:42:21Z,2927,1462,dabeaz,Python,0
48,interesting-python,2018-03-16T02:54:02Z,2020-10-01T05:58:00Z,3341,1316,Alfred1984,Jupyter Notebook,0
49,kafka-python,2012-09-24T13:00:26Z,2020-10-02T10:28:06Z,4032,1095,dpkp,Python,34
50,matplotlib,2011-02-19T03:17:12Z,2020-10-02T23:23:51Z,12247,5370,matplotlib,Python,49
51,introduction_to_ml_with_python,2016-05-29T18:29:47Z,2020-10-02T22:34:32Z,4898,3198,amueller,Jupyter Notebook,0
52,learn-python,2018-08-29T15:20:05Z,2020-10-02T20:10:20Z,5146,914,trekhleb,Python,0
53,python-mode,2011-09-18T09:41:07Z,2020-09-30T03:04:53Z,5102,881,python-mode,Vim script,1
54,python-instagram,2011-02-02T02:45:23Z,2020-10-02T20:33:46Z,2779,1145,facebookarchive,Python,0
55,Complete-Python-Bootcamp,2015-09-06T18:35:51Z,2020-10-01T08:23:02Z,1650,2612,jmportilla,Jupyter Notebook,0
56,google-api-python-client,2014-01-08T21:55:56Z,2020-10-02T03:05:17Z,4087,1733,googleapis,Python,43
57,scikit-learn,2010-08-17T09:43:38Z,2020-10-02T23:24:43Z,42478,20435,scikit-learn,Python,20
58,pkuseg-python,2018-08-05T06:41:07Z,2020-10-02T08:13:49Z,5061,802,lancopku,Python,2
59,PythonPlantsVsZombies,2019-08-28T13:34:16Z,2020-09-30T01:37:40Z,1409,323,marblexu,Python,0
60,python-for-android,2011-11-28T09:02:36Z,2020-10-01T04:18:56Z,6162,1340,kivy,Python,10
61,python-twitter,2012-09-12T06:51:02Z,2020-10-01T11:49:41Z,3045,935,bear,Python,12
62,python3_with_pleasure,2017-12-17T14:17:52Z,2020-09-29T02:20:18Z,3640,204,arogozhnikov,,0
63,scientific-python-lectures,2012-11-29T11:43:34Z,2020-10-01T11:25:56Z,2911,1644,jrjohansson,Jupyter Notebook,0
64,MachineLearning_Python,2016-10-17T15:44:59Z,2020-10-02T21:44:17Z,3287,1579,lawlite19,Python,0
65,c9-python-getting-started,2019-09-17T16:30:14Z,2020-10-02T01:41:00Z,6897,1947,microsoft,Jupyter Notebook,0
66,python-goose,2012-01-08T20:52:44Z,2020-10-02T23:01:58Z,3596,762,grangier,HTML,0
67,python-binance,2017-08-14T12:09:45Z,2020-10-01T20:39:16Z,1944,999,sammchardy,Python,0
68,python_interview_question,2019-03-02T03:57:17Z,2020-10-02T14:33:15Z,4030,1364,kenwoodjw,,0
69,DataSciencePython,2015-10-06T15:26:08Z,2020-10-02T04:09:12Z,4029,1310,ujjwalkarn,Python,0
70,python-small-examples,2019-11-17T01:47:01Z,2020-10-02T23:16:20Z,5109,1182,jackzhenguo,Python,0
71,Zappa,2016-01-20T21:57:04Z,2020-10-02T17:54:07Z,11108,1202,Miserlou,Python,6
72,py,2015-11-28T22:47:16Z,2020-10-02T10:55:39Z,1147,5310,codebasics,Jupyter Notebook,0
73,ml-coursera-python-assignments,2018-02-17T10:11:53Z,2020-10-02T18:56:58Z,3394,1331,dibgerge,Jupyter Notebook,0
74,pythonnet,2013-11-27T13:42:20Z,2020-10-02T07:17:44Z,2281,429,pythonnet,C#,11
75,awesome-python-webapp,2014-05-16T05:55:57Z,2020-09-30T10:11:16Z,1921,1695,michaelliao,,0
76,zhihu-python,2014-12-14T15:37:29Z,2020-10-01T13:57:49Z,2107,856,egrcc,Python,0
77,google-cloud-python,2014-01-28T15:51:47Z,2020-10-02T19:14:35Z,3358,1315,googleapis,,696
78,30-seconds-of-python,2018-01-08T12:17:16Z,2020-10-02T09:01:05Z,6673,924,30-seconds,Python,0
79,python-slackclient,2014-11-10T21:32:02Z,2020-10-02T23:55:07Z,2914,683,slackapi,Python,40
80,tweepy,2009-07-06T04:15:34Z,2020-10-02T16:48:16Z,7154,3248,tweepy,Python,12
81,GitPython,2010-11-30T17:34:03Z,2020-10-01T03:25:38Z,2857,664,gitpython-developers,Python,1
82,intermediatePython,2015-08-15T21:21:51Z,2020-09-30T03:15:38Z,3102,633,yasoob,Python,0
83,raven-python,2011-10-06T18:30:01Z,2020-09-25T11:49:38Z,1671,799,getsentry,Python,10
84,python_reference,2013-10-29T22:04:12Z,2020-10-01T19:38:28Z,2511,671,rasbt,Jupyter Notebook,0
85,shadowsocksr,2017-07-27T13:58:27Z,2020-10-02T02:26:57Z,5525,3310,shadowsocksr-backup,Python,0
86,python-docx,2013-10-15T14:50:41Z,2020-10-02T13:13:07Z,2345,666,python-openxml,Python,0
87,pyenv,2012-08-31T06:57:52Z,2020-10-03T00:16:15Z,20866,1827,pyenv,Shell,28
88,AlgorithmsByPython,2016-06-27T14:39:00Z,2020-10-02T09:13:55Z,2876,1135,Jack-Lee-Hiter,Python,0
89,python-social-auth,2012-12-12T16:08:42Z,2020-10-01T11:41:56Z,2790,1139,omab,Python,0
90,NLP-with-Python,2017-08-03T04:18:42Z,2020-10-02T12:53:57Z,1716,1399,susanli2016,Jupyter Notebook,0
91,RustPython,2018-05-28T19:27:01Z,2020-10-02T16:04:27Z,5970,434,RustPython,Rust,0
92,WhirlwindTourOfPython,2016-07-27T14:39:44Z,2020-10-01T15:37:39Z,2516,1162,jakevdp,Jupyter Notebook,0
93,mne-python,2011-01-28T03:31:13Z,2020-10-02T21:38:39Z,1395,797,mne-tools,Python,25
94,Kalman-and-Bayesian-Filters-in-Python,2014-05-16T19:24:36Z,2020-10-02T22:26:15Z,8788,2485,rlabbe,Jupyter Notebook,0
95,python-oauth2,2009-10-21T17:21:07Z,2020-09-29T06:54:23Z,2926,1044,joestump,Python,0
96,pyecharts,2017-06-22T02:50:25Z,2020-10-02T17:44:05Z,9806,2231,pyecharts,Python,0
97,autobahn-python,2011-07-27T15:22:13Z,2020-09-30T23:57:37Z,2214,617,crossbario,Python,0
98,google-maps-services-python,2014-08-15T04:35:30Z,2020-10-02T16:48:13Z,2889,1003,googlemaps,Python,15
99,Python-100-Days,2018-06-12T09:40:33Z,2020-10-03T00:33:35Z,2688,988,ZiniuLu,Python,0
100,mongo-python-driver,2009-01-15T15:18:06Z,2020-10-02T22:20:27Z,3119,960,mongodb,Python,7
